{
    "1": [
        0.12062374502420425,
        0.281328409910202,
        0.6480000019073486
    ],
    "2": [
        0.029747210443019867,
        0.26956766843795776,
        0.5550000071525574
    ],
    "3": [
        0.00840025581419468,
        0.21340015530586243,
        0.5350000262260437
    ],
    "5": [
        0.253227561712265,
        0.2690385580062866,
        0.7620000243186951
    ]
}